id;nom_complet_app;email;telephone;date_naissance;photo;photo_content_type;adresse;matricule_app;sexe;etat;nationalite
1;a;Daphn82@hotmail.fr;0722336177;2022-06-29;../fake-data/blob/hipster.png;image/png;b Handmade;Gloves;Masclin;DESISTEMENT;e-commerce Berkshire Computers
2;incentivize;Marc89@hotmail.fr;+33 672993795;2022-06-29;../fake-data/blob/hipster.png;image/png;Shoes;Comores;Feminin;DESISTEMENT;feed b e-business
3;Health;Lucie.Pierre21@yahoo.fr;+33 134441487;2022-06-28;../fake-data/blob/hipster.png;image/png;Superviseur;payment;Feminin;TRANSFERT;Bahamas
4;SSL pink bypass;Camlien.Lopez@gmail.com;0528632993;2022-06-28;../fake-data/blob/hipster.png;image/png;Car maroon;Account workforce;Feminin;DESISTEMENT;b Assistant Cor√©e
5;XSS parsing azure;douard_Royer48@gmail.com;0155929190;2022-06-29;../fake-data/blob/hipster.png;image/png;Mandatory granular Nord-Pas-de-Calais;system;Masclin;DESISTEMENT;Chips forecast
6;demand-driven Nord revolutionary;Gaspard.Benoit@gmail.com;+33 644207487;2022-06-28;../fake-data/blob/hipster.png;image/png;withdrawal Licensed;connect throughput;Masclin;TRANSFERT;interface
7;PNG;Amaliane_Nicolas25@hotmail.fr;+33 557944226;2022-06-28;../fake-data/blob/hipster.png;image/png;matrix executive Handcrafted;Developpeur;Masclin;DESISTEMENT;architectures Table
8;payment invoice robust;Clmentine.Francois@yahoo.fr;0334492291;2022-06-29;../fake-data/blob/hipster.png;image/png;a connect a;explicit Ergonomic matrix;Feminin;TRANSFERT;Sleek
9;a;Agilberte97@gmail.com;+33 312145168;2022-06-29;../fake-data/blob/hipster.png;image/png;Small Books;bypassing enhance;Feminin;DESISTEMENT;d'Assas
10;Cameroun Implemented;Flore_Lefevre@hotmail.fr;+33 403419757;2022-06-29;../fake-data/blob/hipster.png;image/png;Fantastic override;encoding payment;Masclin;DESISTEMENT;Toys c
