id;nom_complet_app;email;telephone;date_naissance;adresse;etat_demande;sexe;nationalite;numero_inscription;objet;matricule_app;annee_demande
1;Toys;Nestor.Barbier63@gmail.com;0115873414;2022-06-28;Basse-Normandie state;base Account;Masclin;Technicien Seine Polarised;40319;Berkshire;deposit neural;2022-06-28
2;indigo;Gilbert.Dubois72@hotmail.fr;+33 332297357;2022-06-29;generating;Fantastic;Masclin;quantifying sky input;6236;Cheese programming;tan Chair improvement;2022-06-28
3;Cambridgeshire synergize Buckinghamshire;Albane.Hubert99@gmail.com;+33 160926950;2022-06-28;payment Grèce;Corse quantifying;Masclin;Royale Belarussian;75951;Bolivie benchmark Pizza;customized plum;2022-06-29
4;protocol Tasty;Thibert64@gmail.com;0632655511;2022-06-29;utilisation metrics hacking;Reduced deposit withdrawal;Masclin;Nord-Pas-de-Calais;19124;demand-driven background;c c;2022-06-28
5;support lime;Doriane_Faure95@hotmail.fr;0540489483;2022-06-29;auxiliary;Cotton systemic deposit;Masclin;Shilling reboot quantifying;56068;PCI Leone;Cotton Delesseux deposit;2022-06-29
6;IB deposit Dauphine;Juste_Nicolas@yahoo.fr;+33 142674953;2022-06-29;override;bypassing Account b;Feminin;rich base virtual;88537;Multi-channelled;c;2022-06-28
7;Monsieur-le-Prince;Job_Morel@yahoo.fr;0476343633;2022-06-28;b Érythrée b;copy Centre a;Masclin;transparent l'Odéon synthesizing;46547;sexy;Koruna;2022-06-28
8;unleash;Aymeric74@gmail.com;0124257901;2022-06-28;Croatian;copy online;Masclin;24/7 enable;74010;Shirt Saint-Honoré;la calculating Franche-Comté;2022-06-29
9;Rhône-Alpes;Adonis_David@hotmail.fr;0322522259;2022-06-28;TCP PCI Bedfordshire;c bypass;Feminin;optical Industrial;8481;a withdrawal;productize a;2022-06-28
10;Cambridgeshire;Rjeanne_Roy@hotmail.fr;+33 477108157;2022-06-28;hacking Computer navigating;Baby Fish PNG;Masclin;Chicken;6011;program c;matrix;2022-06-28
